<?xml version="1.0" encoding="UTF-8" ?>
<!DOCTYPE mapper PUBLIC "-//mybatis.org//DTD Mapper 3.0//EN"
        "http://mybatis.org/dtd/mybatis-3-mapper.dtd">
<mapper namespace="com.ay.dao.AyUserDao">

    <sql id="user_field">
        a.id as "id",
        a.name as "name",
        a.password as "password"
    </sql>

    <resultMap id="userMap" type="com.ay.model.AyUser">
        <id property="id" column="id"></id>
        <result property="name" column="name"></result>
        <result property="password" column="password"></result>
    </resultMap>


    <!-- 获取所有用户 -->
    <!--<select id="findAll" resultMap="userMap">-->
        <!--select-->
        <!--<include refid="user_field">-->
            <!--<property name="prefix" value="a"></property>-->
        <!--</include>-->
        <!--from ay_user as a-->
    <!--</select>-->

    <select id="findById" parameterType="int" resultMap="userMap">
        select *
        from ay_user
        where id = #{id}
    </select>


    <!--<select id="findByName"  parameterType="String" resultType="com.ay.model.AyUser">-->
      <!--SELECT * FROM ay_user-->
      <!--WHERE name = #{name}-->
     <!--</select>-->

    <select id="findByNameAndPassword" parameterType="String" resultMap="userMap">
        select * from ay_user
        <trim prefix="WHERE" prefixOverrides="and">
            <choose>
                <when test="name != null and name != ''">
                    and name = #{name}
                </when>
                <when test="password != null and password != ''">
                    and password = #{password}
                </when>
            </choose>
        </trim>
    </select>

    <select id="countByName"  parameterType="String" resultType="int" >
      SELECT count(*) FROM ay_user
      WHERE name = #{name}
    </select>

    <!--<insert id="insert" parameterType="com.ay.model.AyUser"-->
            <!--useGeneratedKeys="true" keyProperty="id">-->
        <!--insert into ay_user(id,name,password)-->
        <!--values (#{id}, #{name}, #{password})-->
    <!--</insert>-->

    <!--<update id="update" parameterType="com.ay.model.AyUser">-->
        <!--update ay_user-->
        <!--<trim prefix="SET" suffixOverrides=",">-->
            <!--<if test="name != null and name != ''">-->
                <!--name = #{name},-->
            <!--</if>-->
            <!--<if test="password != null and password != ''">-->
                <!--password = #{password},-->
            <!--</if>-->
        <!--</trim>-->
        <!--where id = #{id}-->
    <!--</update>-->

    <!--<delete id="delete" parameterType="int">-->
        <!--delete from ay_user-->
        <!--where id = #{id}-->
    <!--</delete>-->

    <delete id="deleteByName" parameterType="string">
        delete from ay_user
        where name = #{name}
    </delete>

    <select id="findByIds" resultType="list" resultMap="userMap">
        select * from ay_user
        <where>
            and id in
            <foreach collection="list" item="item" open="(" close=")" separator=",">
                #{item}
            </foreach>
        </where>
    </select>

</mapper>
